"CNPJ","cd_UGestora","nu_Contrato","tp_Licitacao","vl_TotalContrato","n_municipios","n_ugestora","total_ganho","perc_vitoria","idade_empresa_anos","descricao_tipo_logradouro","porte_empresa","diff_abertura_primeiro_empenho","status","media_num_contratos"
1,201002,"000332014",2,1.5096768169732,1.09307760303944,2,32.2987653854666,0.168266040808981,1.70067005173286,"AVENIDA",3,9504000,1,0.952224469264004
2,201005,"000692016",11,1.50914221322795,3.86154546854902,52,62.3808072135528,0.377874921223475,2.44999986045878,"RUA",3,21686400,1,0.758340084301181
3,201013,"000012016",11,1.50942184747217,3.52507694630773,53,86.2930854930821,0.680105093031717,2.9519227385437,"RUA",3,599529600,1,1.2003189222865
4,201013,"000022016",11,1.50945400865612,3.34852161554237,45,97.4562656858316,0.778324793393893,2.4898170851115,"RURAL",3,67046400,1,1.18682348262797
5,201013,"000072016",11,1.50946272176404,3.65083603695827,45,66.4262963373794,0.716727464902721,1.69576498443455,"RUA",3,9676800,1,0.758340084301181
6,201013,"000552016",11,1.50933876670861,3.55158378852168,56,87.140584385862,0.67171634523424,2.9519227385437,"RUA",3,599529600,1,1.15877734982604
7,201014,"000112014",2,1.50945798538933,1.37748929838316,3,58.1492971075668,0.778324793393893,2.90315251001275,"AVENIDA",1,855187200,1,1.30842175211579
8,201014,"000122014",2,1.50946461406873,0.690941237078147,1,42.7087149011298,0.513274053152673,1.83417113839442,"RUA",1,18489600,1,0.632819540487224
9,201014,"000512016",2,1.50950093256099,2.45671097454329,11,77.2089217781438,0.576431853152989,2.90315251001275,"AVENIDA",1,855187200,1,1.36967232227793
10,201019,"000222017",11,1.50946581372063,1.92859112132035,9,61.9419381877221,0.831907966295832,1.86690247419874,"OUTRO",1,113443200,1,0.952224469264004
11,201020,"000602014",11,1.5091544665612,2.90490615601332,21,52.038695684892,0.438483581367752,2.26474863600481,"RUA",1,29894400,1,0
12,201020,"002652014",1,1.50956049493806,1.37748929838316,3,62.7551051781265,0.25352176122227,2.61150925748246,"RURAL",3,185328000,1,1.30842175211579
13,201025,"000342014",7,1.5093671579893,2.27836165882247,13,57.2328766227625,0.716727464902721,2.02121588556063,"RUA",1,19612800,1,0
14,201025,"000522014",11,1.50960590986839,2.60726989766263,24,110.913590887479,0.72719446986898,2.88638719406515,"RUA",3,494640000,1,0.812868016262367
15,201025,"001292016",2,1.50942110633181,0,0,0,0,2.21801005226265,"RUA",3,281836800,1,0
16,201025,"001702014",8,1.5093671579893,1.59757822034814,5,28.7602524947626,0.25352176122227,2.02354546382678,"RUA",1,9590400,1,0
17,201025,"001902015",7,1.50960115290118,2.27836165882247,9,65.2990946383907,0.17187935720707,1.78913298337023,"RUA",3,34300800,1,1.30842175211579
18,201025,"002002015",8,1.50941378107704,3.00226935945111,20,72.249707045099,0.927608304817488,2.21567332497184,"AVENIDA",1,137635200,1,0.952224469264004
19,201026,"000282017",11,1.50929728474983,2.67458606006447,16,69.9676324331663,0.455065498701542,1.79451808129565,"RUA",1,6393600,1,1.09796808763493
20,201030,"001052014",11,1.50927055515468,3.62697028810994,53,103.654755579586,0.283033506458651,2.15318016414924,"RUA",1,15638400,1,1.38107774757349
21,201034,"200012014",2,1.50943254013926,2.37163264088941,11,56.5709943921879,0.465629093450629,2.70783221918849,"RUA",1,301968000,1,0.812868016262367
22,201034,"201012016",2,1.50942587239492,2.27836165882247,9,63.6234613925176,0.689431576130922,1.70311021185991,"RUA",3,25401600,1,1.15877734982604
23,201035,"000362016",2,1.50933327446284,2.05967211681634,9,55.825746869927,0.276894560078116,1.74568295707982,"RUA",1,24192000,1,0.812868016262367
24,201035,"000392015",2,1.50943129583426,2.79659836533003,16,76.2211273931746,0.321317449818469,2.55964464022281,"RUA",3,105580800,1,1.33997107885283
25,201040,"000702015",11,1.50948104258197,4.219943174903,84,87.0381382242324,0.689431576130922,2.91067561221488,"OUTRO",5,530582400,1,0.952224469264004
26,201040,"001112014",11,1.50966463814599,4.03408901851777,62,55.5653092199066,0.370882124233319,2.52622723773153,"RUA",3,89251200,1,0
27,201040,"001792015",11,1.50934480697601,0,0,0,0,1.95773354382542,"AVENIDA",1,133142400,1,0
28,201040,"002662015",11,1.50918790084019,2.53491532024182,15,54.6594606867945,0.25352176122227,2.68296790360987,"AVENIDA",5,376704000,1,0.952224469264004
29,201040,"002812014",11,1.50923021013061,3.69685388466349,49,84.337992802878,0.307408999056466,2.31401243249379,"AVENIDA",5,21340800,1,0.992263769216095
30,201040,"002942014",11,1.509406480039,2.05967211681634,20,66.427614840056,0.513274053152673,2.20861411556882,"RUA",1,29030400,1,0
31,201040,"003102014",8,1.50916375693837,1.09307760303944,2,40.1950245959455,0.0913948044135007,2.11013041876195,"AVENIDA",5,139276800,1,0.632819540487224
32,201040,"003512014",11,1.50943570432042,0,0,0,0,2.04416631163193,"OUTRO",1,152668800,1,0.632819540487224
33,201042,"108012015",11,1.5092878943342,3.82295462438369,67,57.5642679695754,0.311329485672289,2.65915084270191,"RUA",1,207360000,1,0.632819540487224
34,201046,"000452016",11,1.50913014893584,3.89863828094152,62,59.0333993821577,0.59823199984911,3.00965704898615,"RUA",3,706665600,1,0.886563200507864
35,201046,"600502016",2,1.50946050409972,0,0,0,0,1.4648739310679,"RUA",3,41644800,1,0
36,201050,"140012014",7,1.50919991753312,3.52507694630773,40,80.0650279873264,0.243253903800357,2.31401243249379,"AVENIDA",5,21340800,1,0.632819540487224
37,201050,"164392014",11,1.5093854230169,3.71905896079292,57,104.142749442919,0.28567239651826,2.15318016414924,"RUA",1,15638400,1,1.30842175211579
38,201050,"164402014",11,1.50948490134264,5.13234029864127,218,126.049110497753,0.445125051178201,2.31904476535512,"AVENIDA",3,11318400,1,1.99882389725771
39,201057,"000012015",1,1.50944201487094,0,0,0,0,2.13232585911928,"RUA",1,208224000,1,0
40,201057,"000982015",2,1.50948534143357,0,0,0,0,2.13232585911928,"RUA",1,208224000,1,0.632819540487224
41,201057,"105612014",1,1.50947296882919,0.690941237078147,1,34.1853586140546,0.513274053152673,2.66033385940431,"RUA",3,501465600,1,0
42,201057,"107112014",1,1.50944080922235,1.77706878157985,5,44.5042751480427,0.478317088020385,1.97788958325154,"RUA",1,90806400,1,0.632819540487224
43,201058,"605012016",11,1.50934448872689,1.92859112132035,6,51.7953485212312,0.912618627709478,2.94098555040241,"RURAL",1,899769600,1,0.632819540487224
44,201067,"006022014",12,1.50949526443626,3.34852161554237,35,65.9842209251318,0.382684875408432,1.94483454791257,"RUA",3,9331200,1,0.632819540487224
45,201069,"000342016",2,1.50953066245188,2.85227115674928,19,67.7824522826012,0.28567239651826,2.29035956877977,"AVENIDA",1,26006400,1,1.15877734982604
46,201071,"000032016",2,1.50941058940807,4.01817212158901,95,94.5005870367622,0.754029477155112,2.41107933467638,"RUA",5,34128000,1,1.30842175211579
47,201076,"000672015",2,1.5093740176771,3.88027185767107,52,83.7088771621413,0.321317449818469,2.083647210695,"AVENIDA",3,27216000,1,1.21348322841966
48,201078,"000022015",2,1.50943376729837,1.77706878157985,5,70.3282825066821,0.645184007315522,2.90315251001275,"AVENIDA",1,855187200,1,1.06487295939814
49,201078,"000732016",11,1.50922686412169,3.3156595838503,40,76.083580874921,0.477639253089506,1.78588239680552,"RUA",3,8208000,1,1.38853898751287
50,201078,"002002015",2,1.50936259357576,2.05967211681634,7,73.85660277614,0.596437922049082,2.90315251001275,"AVENIDA",1,855187200,1,1.15877734982604
51,201078,"002332015",2,1.50943502523578,2.05967211681634,7,74.8788872155608,0.588495520392572,2.90315251001275,"AVENIDA",1,855187200,1,1.23887462130155
52,201078,"101562014",2,1.50942702261496,3.09069077313953,22,68.2458684493404,0.359784483697844,2.90771716310159,"AVENIDA",1,532137600,1,0.843421145242774
53,201078,"101882014",1,1.50956758730726,3.09069077313953,22,70.4551621250665,0.496347561182217,1.83315537593124,"RUA",3,12960000,1,1.42424563246174
54,201082,"000392016",11,1.50958658401996,1.59757822034814,4,76.7369457987057,0.831907966295832,2.26420448818865,"AVENIDA",3,202089600,1,0.632819540487224
55,201082,"002592015",11,1.50952538460075,3.82295462438369,51,83.0824276075954,0.536630941376653,1.94222600654571,"AVENIDA",1,18489600,1,1.70187122059166
56,201082,"002642015",1,1.50959415592988,2.67458606006447,14,77.3645991095747,0.370882124233319,1.94829757184287,"RUA",3,40780800,1,1.38853898751287
57,201082,"003352016",2,1.50953621476945,2.79659836533003,16,70.8081698786068,0.17187935720707,2.45572369843376,"OUTRO",1,219542400,1,1.30842175211579
58,201091,"001042015",2,1.5094890512877,3.2463581704049,26,74.4284588186931,0.387881820447124,1.83315537593124,"RUA",3,12960000,1,1.38853898751287
59,201091,"002232016",2,1.50947019591761,0,0,0,0,1.36996853894351,"AVENIDA",1,27129600,1,0
60,201092,"000192015",2,1.50916379435385,1.92859112132035,6,51.9493485898641,0.571743301048471,1.70311021185991,"RUA",3,25401600,1,1.15877734982604
61,201092,"000642015",2,1.5094345981551,0.690941237078147,1,25.4178664990488,0.513274053152673,1.62879769716105,"RUA",3,33955200,1,0.632819540487224
62,201092,"001002016",2,1.50933538669038,1.37748929838316,3,59.9483146959382,0.455065498701542,2.75527510601668,"RUA",1,719452800,1,1.15877734982604
63,201094,"000352015",11,1.50946791911806,3.17166981557492,30,73.6063214734908,0.740163710591486,2.46220401707912,"RUA",3,25142400,1,0.632819540487224
64,201094,"000722014",2,1.50954734400237,0,0,0,0,2.41282070742603,"RUA",5,358041600,1,0
65,201096,"000222015",2,1.50932775204339,3.65083603695827,42,99.1664266566492,0.479076011245368,2.59008056522224,"RURAL",1,168393600,1,1.53456933455797
66,201100,"000012016",8,1.50951927925773,1.09307760303944,3,53.4611388934626,0,1.74338245714661,"RUA",1,57715200,1,0.632819540487224
67,201102,"000162017",11,1.50920048823032,3.95170926349186,76,96.7987577777161,0.58441876946887,1.66945598827983,"RUA",1,10713600,1,1.70187122059166
68,201115,"000192015",11,1.50943940967202,3.00226935945111,28,71.0772552068282,0.417496198384616,1.78588239680552,"RUA",3,8208000,1,0.952224469264004
69,201115,"000202015",11,1.50929552876056,3.00226935945111,28,71.0772552068282,0.389523433317495,1.78588239680552,"RUA",3,8208000,1,1.02971857211536
70,201115,"000212015",11,1.50918789352962,3.00226935945111,28,71.3011333294219,0.373184171600067,1.78588239680552,"RUA",3,8208000,1,1.21348322841966
71,201125,"006232014",2,1.50943477484993,1.09307760303944,2,43.9484113357077,0.225024631954163,1.76045986622239,"RUA",3,19008000,1,0.812868016262367
72,201127,"000152015",11,1.50917143410388,4.53728328245333,102,83.6824024198108,0.583467701748828,2.14218088397998,"OUTRO",5,38620800,1,1.28170745804319
73,201132,"000042015",11,1.50915441384509,2.85227115674928,18,67.8780892838731,0.513274053152673,1.69082656606046,"RUA",1,11836800,1,1.63044535714211
74,201132,"000342014",2,1.50948808932993,2.79659836533003,19,72.9943464309288,0.220076530256328,2.00388902164611,"RUA",3,7430400,1,1.01129536187881
75,201138,"000082014",7,1.50938465536454,2.37163264088941,10,40.5998590822399,0.513274053152673,2.58009599972279,"OUTRO",5,216086400,1,0.632819540487224
76,201138,"000712015",8,1.50962616700259,0,0,0,0.202283030725654,2.80498211014529,"RUA",5,646185600,1,0.632819540487224
77,201140,"000072017",11,1.50925619034769,2.53491532024182,27,58.72341688674,0.885671005301676,2.38620073042053,"RUA",1,28425600,1,0.812868016262367
78,201146,"000582015",11,1.50935610618788,4.45977820959601,100,82.599106341529,0.527948827185869,2.19366577911906,"RUA",1,27907200,1,1.35800111605734
79,201154,"000572014",11,1.5093377246526,0,0,0,0.100586239302716,1.69082656606046,"RUA",1,11836800,1,1.42424563246174
80,201154,"000642014",11,1.50915493320359,5.66697210766757,383,77.5615317679096,0.463626888815754,2.70453690934354,"RUA",1,249955200,1,1.15877734982604
81,201154,"000852014",11,1.50910580780569,6.06998864300646,538,83.0001987715097,0.203727990507522,2.63007020227365,"AVENIDA",3,170208000,1,0.952224469264004
82,201156,"000692015",11,1.50924925517066,3.8030588356376,54,77.0146708851985,0.544196421320076,1.87748583428827,"RUA",1,15638400,1,1.69235568926985
83,201157,"001152015",2,1.5093279062008,0,0,0,0,1.84124119060334,"RUA",5,139795200,1,0
84,201165,"000742016",2,1.50942194196198,2.73751744767466,20,77.9665622086414,0.553725501236468,1.810434524007,"RUA",1,13305600,1,1.09796808763493
85,201165,"001352015",2,1.50945971766557,2.60726989766263,17,72.4198600320379,0.581937861679527,1.810434524007,"RUA",1,13305600,1,0.862974688271395
86,201165,"001442015",2,1.50930176302035,2.60726989766263,17,73.5410061878849,0.557102007513066,1.810434524007,"RUA",1,13305600,1,0.952224469264004
87,201165,"001522015",2,1.50955887694547,2.60726989766263,17,74.2544088962647,0.534293391248062,1.810434524007,"RUA",1,13305600,1,1.02971857211536
88,201167,"000082016",11,1.509365696554,0.690941237078147,1,56.4934061327243,0.25352176122227,1.54155620569873,"RUA",3,10281600,1,0.952224469264004
89,201168,"000132015",11,1.50937668457968,1.92859112132035,7,82.5642196058841,0.420950470154347,2.18759256980684,"RUA",1,166924800,1,1.09796808763493
90,201170,"000862016",2,1.50937008785032,2.95481650732682,20,69.2214435506644,0.593067859860034,1.51686171586551,"RUA",3,7603200,1,1.42424563246174
91,201171,"000812016",8,1.5092470329423,3.13203183385879,30,65.5641056616149,0.740163710591486,1.77162383117069,"RUA",1,6825600,1,0.632819540487224
92,201177,"000632016",2,1.50941720415708,1.59757822034814,4,66.6673317455677,0.168266040808981,2.5689290138717,"AVENIDA",3,515116800,1,1.06487295939814
93,201197,"000072015",11,1.50939927991586,4.12438596552051,87,101.207997779744,0.51784061457022,2.63347122565285,"AVENIDA",5,173577600,1,1.38107774757349
94,201197,"000262015",2,1.50943477405045,1.09307760303944,2,41.3454823499873,0.290273125523508,1.66817915170372,"RUA",3,29203200,1,0.812868016262367
95,201197,"000272015",2,1.50928816674587,1.09307760303944,2,41.3454823499873,0.290273125523508,1.66817915170372,"RUA",3,29203200,1,0.812868016262367
96,201200,"000042016",2,1.50932900899326,1.77706878157985,6,47.0415059012619,0.144039682073666,2.29971550830358,"RUA",5,21340800,1,0.632819540487224
97,201200,"000842014",2,1.50910442410501,1.09307760303944,2,51.932079020453,1.04799753555054,1.79772981549366,"RUA",1,12268800,1,0.632819540487224
98,201203,"001252016",2,1.50921760170341,3.17166981557492,26,74.3812289643052,0.260108939684945,2.5719940159048,"RUA",3,223430400,1,1.19226234565227
99,201206,"000222015",2,1.5094082799262,2.05967211681634,7,40.4996628974904,0.183713974111612,1.77604131824354,"RURAL",1,12355200,1,0.632819540487224
100,201208,"001812014",2,1.50943132798574,3.13203183385879,23,72.0475994865432,0.451649769483416,1.83315537593124,"RUA",3,12960000,1,1.15877734982604
101,201209,"000192017",11,1.50931557204501,3.44085440091407,32,77.9059646240644,0.412052140836813,2.43881661227118,"AVENIDA",1,6048000,1,0.900285928579289
102,201213,"201002015",1,1.50961512439707,3.2463581704049,26,89.7361368951534,0.536122743267583,2.22900003701864,"RUA",3,7948800,1,0.952224469264004
103,201214,"000092015",11,1.50917190388089,1.92859112132035,8,39.902671576932,0.778324793393893,2.22091960256672,"RUA",1,48556800,1,0
104,201214,"000122015",2,1.50943241241507,1.59757822034814,4,51.1373604248905,0.740163710591486,1.63950847573669,"RUA",1,11232000,1,1.15877734982604
105,201214,"000132015",2,1.5094359525722,1.59757822034814,4,51.1373604248905,0.740163710591486,1.63950847573669,"RUA",1,11232000,1,1.15877734982604
106,201214,"000312014",2,1.5094350991771,2.05967211681634,8,63.9930252440198,0.553725501236468,2.05831709055911,"OUTRO",3,41731200,1,1.15877734982604
107,201214,"000442014",1,1.50957441662387,2.17516012730845,9,66.550872001606,0.71160566199381,2.05831709055911,"OUTRO",3,41731200,1,1.36967232227793
108,201214,"000952014",2,1.50938674038542,0,0,0,0,1.63950847573669,"RUA",1,11232000,1,0.632819540487224
109,201214,"000962014",2,1.50952730252959,0,0,0,0,1.63950847573669,"RUA",1,11232000,1,0.632819540487224
110,201215,"000142014",11,1.50949824829416,3.93434455794629,66,61.1668903551656,0.664130695999285,2.74452502823924,"AVENIDA",3,297302400,1,0.952224469264004
111,201215,"000312016",11,1.50942390840096,1.09307760303944,2,32.596352084113,1.04799753555054,1.72824781324831,"RUA",1,54345600,1,0.632819540487224
112,201215,"001842016",11,1.50935436828191,0,0,0,0,1.29378349349702,"RUA",1,21081600,1,0
113,201221,"000892015",2,1.50948152544088,3.2097389369288,30,92.2071853977823,0.2268461277906,2.59534222806413,"RUA",1,286243200,1,1.42424563246174
114,303050,"000182016",11,1.50935595132846,3.67412142322976,54,52.3299973878832,0.740163710591486,2.43965162690537,"OUTRO",5,351993600,1,0
115,601013,"000012016",11,1.50915037190949,3.52507694630773,53,86.2930854930821,0.680105093031717,2.9519227385437,"RUA",3,599529600,1,1.2003189222865
116,601013,"000022016",11,1.50942343357456,3.34852161554237,45,97.4562656858316,0.778324793393893,2.4898170851115,"RURAL",3,67046400,1,1.18682348262797
117,601013,"000362016",11,1.5092842802114,3.55158378852168,56,87.140584385862,0.67171634523424,2.9519227385437,"RUA",3,599529600,1,1.15877734982604
118,601040,"000732014",11,1.50957184072985,1.09307760303944,3,38.1910086306125,0,2.00944916251159,"RUA",1,104198400,1,0
119,601040,"000812014",11,1.50926649024161,2.05967211681634,20,67.3800936330675,0.571743301048471,2.20861411556882,"RUA",1,29030400,1,0.632819540487224
120,601050,"161792017",11,1.50931236624574,6.31063491735519,672,132.883697544549,0.422084116334523,2.58210548952379,"RUA",3,122688000,1,2.12663896838784
121,601052,"000482014",11,1.50944739018732,3.17166981557492,24,60.1567762230165,0.491414836096932,1.82188538540552,"AVENIDA",3,13564800,1,1.21348322841966
122,601071,"000022016",2,1.50927607819564,4.01817212158901,95,94.5005870367622,0.754029477155112,2.41107933467638,"RUA",5,34128000,1,1.30842175211579
123,601102,"000062017",11,1.50914042611236,3.95170926349186,76,96.7987577777161,0.58441876946887,1.66945598827983,"RUA",1,10713600,1,1.70187122059166
124,601115,"000192015",11,1.50943940967202,3.00226935945111,28,71.0772552068282,0.417496198384616,1.78588239680552,"RUA",3,8208000,1,0.952224469264004
125,601115,"000202015",11,1.50929552876056,3.00226935945111,28,71.0772552068282,0.389523433317495,1.78588239680552,"RUA",3,8208000,1,1.02971857211536
126,601115,"000212015",11,1.5091881017755,3.00226935945111,28,71.3011333294219,0.373184171600067,1.78588239680552,"RUA",3,8208000,1,1.21348322841966
127,601123,"435012017",11,1.50921852546686,0.690941237078147,1,16.1002435904041,0,1.23918617912704,"RUA",9999,20649600,1,0
128,601154,"000592014",11,1.50936028161039,4.66748084101156,117,89.9914857281097,0.543407693541966,2.09771317379999,"RUA",5,26697600,1,1.56626706871316
129,601154,"000602014",11,1.5092322985344,4.66748084101156,117,89.9914857281097,0.543407693541966,2.09771317379999,"RUA",5,26697600,1,1.56626706871316
130,601154,"001132014",11,1.50922785461193,5.69195048767816,347,82.6339248070083,0.236293405003558,2.41282070742603,"RUA",3,113875200,1,1.23887462130155
131,601156,"000692015",11,1.50924925517066,3.8030588356376,54,77.0146708851985,0.544196421320076,1.87748583428827,"RUA",1,15638400,1,1.69235568926985
132,601165,"000252014",2,1.50937827844247,1.37748929838316,3,48.8079644737209,0.740163710591486,3.02626190770433,"AVENIDA",1,1061596800,1,0.632819540487224
133,601165,"000262014",2,1.50937828017666,1.37748929838316,3,48.8079644737209,0.740163710591486,3.02626190770433,"AVENIDA",1,1061596800,1,0.632819540487224
134,602139,"010282016",2,1.50919573713732,1.09307760303944,2,25.5994245506303,0,1.41980617342797,"RUA",1,23155200,1,0
135,602171,"000802016",8,1.50967557216915,3.13203183385879,30,65.5641056616149,0.740163710591486,1.77162383117069,"RUA",1,6825600,1,0.632819540487224
136,602171,"000982016",1,1.50959412133144,3.44085440091407,36,75.9307413457299,0.204458234364542,2.28246126657195,"RUA",3,159753600,1,1.1231011792057
137,602171,"001582016",11,1.50957122716579,1.37748929838316,7,74.4400391174745,0.778324793393893,1.67073059235156,"AVENIDA",1,35251200,1,1.15877734982604
138,602171,"001592016",11,1.50938996364346,0.690941237078147,1,35.342692905611,0.513274053152673,1.30840041519902,"RUA",1,7084800,1,0
139,603123,"222012014",2,1.50952750532955,1.09307760303944,2,38.746565664258,0.513274053152673,2.25873851925662,"RUA",1,252288000,1,1.06487295939814
140,201133,"100042016",11,1.50944739454571,2.67458606006447,14,72.1074475186992,0.513274053152673,2.61469375769011,"OUTRO",3,219542400,0,0.632819540487224
141,201216,"000032014",2,1.50942199697474,6.07546180015936,525,125.979599456744,0.384742527635894,2.58210548952379,"RUA",3,122688000,0,2.096862325655
142,201113,"000422015",11,1.50937733142074,3.04749444935395,26,59.9025773732407,0.808070754374357,2.52072972983339,"RUA",1,70156800,0,0.632819540487224
143,302135,"000092015",11,1.50942280937614,2.17516012730845,8,51.7788156128843,0.618700864099763,2.59730416712099,"RUA",3,247363200,0,0.632819540487224
144,201181,"001782015",11,1.50936031745964,2.27836165882247,9,60.1150607037217,0.936839338243861,2.58444190172733,"RUA",1,174528000,0,0.632819540487224
145,610095,"101312015",11,1.50918616803937,0,0,0,0,2.37062218676732,"RUA",5,348537600,0,0
146,201032,"000022014",2,1.50939241580439,1.09307760303944,3,67.5305233430759,0.276894560078116,1.78696756387026,"RUA",3,18662400,0,1.09796808763493
147,201001,"000112016",11,1.50934411965962,1.37748929838316,5,58.5614315969649,0.144039682073666,1.6994468881912,"RUA",1,42076800,0,0
148,601097,"164032015",11,1.50921255926526,1.37748929838316,3,33.4589034757873,0.270656852685948,1.95943559220217,"RUA",1,76982400,0,0.952224469264004
149,201003,"000152017",11,1.50918931764477,5.74518786323917,448,104.758492102802,0.534904623656322,2.80591771853363,"AVENIDA",5,376185600,0,1.68507915737244
150,610095,"101632016",10,1.50946643494647,6.08631297541701,535,111.780945335925,0.668210502974708,2.95503742617226,"RUA",5,605836800,0,1.88089949040594
151,201172,"113012016",11,1.50926191584966,4.28276801184432,93,56.776792181123,0.557102007513066,1.97540166019858,"RUA",1,4060800,0,0.886563200507864
152,201194,"000552014",2,1.50942567965447,1.59757822034814,4,52.9416604693475,0.778324793393893,3.02626190770433,"AVENIDA",1,1061596800,0,0.952224469264004
153,601050,"162012017",11,1.50917515020065,6.09169172032793,539,112.708823391376,0.66550295586131,2.95503742617226,"RUA",5,605836800,0,1.89876448853137
154,606095,"330012009",5,1.50963582711373,2.53491532024182,12,73.286138919382,0,2.88495177395846,"RUA",5,602899200,0,0
155,201148,"000022014",2,1.50922879389205,0.690941237078147,1,39.2548395667461,0.25352176122227,2.07073676513574,"RUA",1,134956800,0,0.632819540487224
156,201067,"000232017",12,1.50934302941576,6.28482381223157,657,154.564201060544,0.579464829045351,2.09562157646981,"AVENIDA",5,21859200,0,2.45964571221343
157,201053,"000162015",11,1.50919294513503,4.63447066220107,140,94.569084155355,0.521791357338185,2.1789974209216,"RUA",5,28857600,0,1.78301654607436
158,610095,"101222015",11,1.50959300565198,3.95170926349186,58,89.5978148414054,0.589367583613397,2.64265462788767,"AVENIDA",5,440812800,0,1.85736365722048
159,601075,"000142017",11,1.50928741466241,2.37163264088941,24,84.2054559178189,0.970508955823729,2.55825762024797,"AVENIDA",1,292291200,0,0.741848003480372
160,201029,"010052015",11,1.50946205601491,4.29485034842728,103,61.1691748994807,0.540938032030187,2.5558230647148,"OUTRO",9999,98064000,0,0.952224469264004
161,201138,"000082015",11,1.50909700946493,3.49781636583173,47,65.0868882695929,0.237680482339367,2.15702017865331,"AVENIDA",1,4233600,0,0.632819540487224
162,201188,"000102016",11,1.50938752011863,3.28163346599884,34,59.9184384157065,1.04799753555054,2.62602705186906,"RUA",1,273456000,0,0.711036199671177
163,201017,"000352014",12,1.50951956599352,5.13728964948932,219,126.321127402279,0.443811071615932,2.31904476535512,"AVENIDA",3,11318400,0,1.94916722168446
164,201054,"000212015",11,1.50912624166095,5.15198388700074,223,87.8029077485522,0.517687090822542,2.7922098658674,"OUTRO",3,357868800,0,1.1231011792057
165,201099,"000012014",8,1.5092769810866,3.74076046398344,46,79.7341893153946,0.236414207673656,2.10325976091977,"RUA",1,6998400,0,0.758340084301181
166,201009,"000382014",2,1.50920914621716,3.17166981557492,24,88.6725732558334,0.444969524605322,2.22900003701864,"RUA",3,7948800,0,0.812868016262367
167,201138,"000162016",11,1.5094564918534,6.14890191327816,566,146.646674415485,0.567488654054194,2.09562157646981,"AVENIDA",5,21859200,0,2.42094512540656
168,201082,"001472015",12,1.50918528853969,5.43170421491599,278,117.608785111976,0.629845622337691,2.36409863765257,"AVENIDA",5,18403200,0,1.58379725511413
169,610095,"103222017",10,1.50955875430999,3.04749444935395,22,68.0138850827662,0.900364300411,1.68958669978276,"RUA",1,47433600,0,1.47334145723897
170,201082,"003482016",11,1.50923377254427,4.99361208275333,170,59.1231880559121,0.455065498701542,2.55197849637765,"AVENIDA",1,95904000,0,0.632819540487224
171,201019,"000232016",11,1.50938158509389,2.73751744767466,16,51.5022629213525,1.04799753555054,2.38028776792835,"RUA",5,1814400,0,0.632819540487224
172,610095,"000722014",11,1.50952432047329,2.37163264088941,12,45.25815304393,0.513274053152673,2.8047479849996,"RUA",5,394588800,0,0.632819540487224
173,201145,"000032015",11,1.50943475846599,3.2097389369288,34,83.4468027607762,0.716727464902721,2.20624452169552,"AVENIDA",5,29289600,0,1.06487295939814
174,201011,"000392016",11,1.50920794697135,2.37163264088941,10,40.0328163642716,1.04799753555054,2.36690236586041,"RUA",1,41644800,0,0.632819540487224
175,201180,"000172017",11,1.50915725961477,1.92859112132035,6,29.1419762932168,0.740163710591486,1.61518537514347,"RUA",9999,81907200,0,0
176,201139,"000442015",11,1.50912056249285,2.05967211681634,7,41.7927319949921,1.04799753555054,1.70311021185991,"RUA",1,1209600,0,0
177,610095,"106602016",7,1.50946531828152,4.19360486976686,80,94.018246920415,0.373685667478703,2.31401243249379,"AVENIDA",5,21340800,0,1.07929598867018
178,201087,"000302015",2,1.50943551314313,1.09307760303944,2,41.3454823499873,0.689431576130922,1.66817915170372,"RUA",3,29203200,0,0.632819540487224
179,201001,"001172014",11,1.50946390563547,1.92859112132035,9,56.4252017377669,0.740163710591486,1.76494626854894,"RUA",5,19353600,0,1.15877734982604
180,201082,"001822016",11,1.50943331014044,4.46981928129104,95,72.0401342134917,0.546831445557805,2.5313161178185,"RUA",1,79056000,0,1.42424563246174
181,201095,"000662014",11,1.50929568240991,2.17516012730845,11,61.5463126793138,0.689431576130922,2.56102865420069,"AVENIDA",5,150940800,0,0
182,201166,"000152016",11,1.50934121085529,0.690941237078147,1,32.6854252211779,1.04799753555054,2.6393028884831,"AVENIDA",3,565488000,0,0
183,201194,"000082016",1,1.50953439907265,1.77706878157985,5,60.9067777476935,0.740163710591486,3.02626190770433,"AVENIDA",1,1061596800,0,1.02971857211536
184,201147,"000192015",12,1.50934626110597,4.44962989818308,113,90.9390782772281,0.456328069454469,2.0531373407131,"RUA",1,3888000,0,1.02971857211536
185,201165,"001642014",2,1.50942493615323,0,0,0,0,1.63817816285096,"RUA",3,24105600,0,0
186,201096,"000482014",12,1.50941945669184,5.15198388700074,224,127.561304452455,0.452932696888392,2.31904476535512,"AVENIDA",3,11318400,0,1.9833060620774
187,201057,"000052015",2,1.50925159436042,1.77706878157985,5,66.8411539525064,0.279234625170496,2.11828515951846,"RUA",1,82684800,0,0.812868016262367
188,201203,"001372016",11,1.50937231898487,5.83635923784067,402,101.21072810513,0.415365861312052,2.26908594441763,"RUA",1,14688000,0,1.77120071876541
189,201211,"001442014",3,1.50911027921913,1.77706878157985,5,45.5956107300984,0.513274053152673,2.03507727143629,"AVENIDA",3,54864000,0,0
190,201209,"000642015",11,1.50922173306808,3.52507694630773,45,58.7339493443146,0.420950470154347,2.00786508654763,"RUA",1,17280000,0,1.21348322841966
191,201168,"000592015",2,1.50932962493079,0,0,0,0,1.72942333961249,"RUA",3,109987200,0,0
192,601050,"160982014",11,1.50916775237365,1.37748929838316,3,49.5460823476942,0.408692247112617,2.67695404450225,"RUA",3,225590400,0,0.632819540487224
193,201050,"206522015",11,1.50931784128657,2.27836165882247,19,59.8819934793513,0.339466334743282,2.61880980035198,"AVENIDA",1,262828800,0,0.632819540487224
194,201109,"011242015",11,1.50940523942335,1.77706878157985,5,43.9010220350289,1.04799753555054,1.86008439098531,"RUA",1,42336000,0,0.952224469264004
195,201174,"000662017",11,1.50938974953786,3.41105286978002,32,69.5564127800104,0.513274053152673,2.37293643866123,"RUA",5,8812800,0,0.952224469264004
196,201066,"000322017",11,1.50937828652971,4.95848386165365,197,110.24518660423,0.586741421146326,2.1789974209216,"RUA",5,28857600,0,1.93277430491238
197,201097,"021012016",2,1.50921336557522,2.05967211681634,7,44.5384522701313,0.276894560078116,1.91014352310692,"RUA",3,133660800,0,0.632819540487224
198,201095,"103102015",11,1.50956580926055,3.09069077313953,42,123.030362183907,0.484923285045118,2.43798052501247,"RUA",5,218937600,0,1.72029328996126
199,201209,"000792015",2,1.5091736726536,0,0,0,0,1.91740052324081,"OUTRO",3,175392000,0,0
200,201091,"000102016",11,1.50955635944967,2.27836165882247,18,79.6316427868428,0.808070754374357,2.53420602818872,"RUA",3,148694400,0,0.812868016262367
201,201002,"000102017",11,1.50929136273116,2.17516012730845,8,73.6341386754864,0.808070754374357,2.31401243249379,"OUTRO",3,109728000,0,0.741848003480372
202,201205,"000152014",11,1.5091454174394,4.77472719224514,154,108.166885016874,0.337070032000483,2.2554373751051,"RUA",5,13824000,0,1.68262628576592
203,201179,"000502014",2,1.50911329573712,3.84244478923378,50,93.19278452931,0.170311973200802,2.54244267401459,"RUA",3,206928000,0,1.23887462130155
204,201188,"000622014",11,1.50910763768192,3.2097389369288,31,53.4502579441988,0.893365869933386,2.62602705186906,"RUA",1,273456000,0,0.632819540487224
205,201187,"000172016",11,1.50922950457956,5.12236307057074,189,103.483796350883,0.63115734924147,2.09771317379999,"RUA",5,26697600,0,1.87893619418105
206,201029,"010082016",11,1.50924017040638,2.17516012730845,9,58.8971786185427,0.71160566199381,2.47615783003883,"RUA",1,264988800,0,0.952224469264004
207,201203,"000732014",11,1.50910896356747,2.67458606006447,14,43.3332099139441,0.178259018325636,1.80938437654006,"AVENIDA",5,30240000,0,1.30842175211579
208,201209,"000312016",11,1.50942347017639,3.74076046398344,60,63.8291129856385,0.689431576130922,2.00786508654763,"RUA",1,17280000,0,1.15877734982604
209,201138,"000072016",11,1.50951495615893,3.57737727919034,39,81.5244675267763,0.438483581367752,1.73991789548006,"RUA",1,4320000,0,1.47334145723897
210,201178,"001692014",8,1.50935788766665,1.37748929838316,3,47.7107261379715,0.513274053152673,1.73293849141301,"RUA",1,3110400,0,0.632819540487224
211,610095,"103932015",7,1.50949459419846,3.95170926349186,58,89.9576813874899,0.588495520392572,2.64265462788767,"AVENIDA",5,440812800,0,1.87630314002167
212,201097,"062812016",11,1.50911591495446,5.70284222659199,452,92.6677825823002,0.347206698655919,2.44835517176112,"RUA",3,10540800,0,1.59591874560453
213,601050,"161222016",8,1.50961150950943,3.84244478923378,50,111.573724468605,0.689431576130922,3.19556311664818,"AVENIDA",5,1127260800,0,0.812868016262367
214,201022,"003562014",2,1.5092603543693,0.690941237078147,1,29.6042946853577,1.04799753555054,1.69822166021612,"RUA",3,34905600,0,0
215,201208,"001372015",2,1.50944551544825,2.17516012730845,8,75.1066964876698,0.588495520392572,2.90315251001275,"AVENIDA",1,855187200,0,1.30842175211579
216,601050,"160942016",11,1.50956381204947,1.37748929838316,3,29.6774163470468,1.04799753555054,2.77451100887918,"AVENIDA",5,644371200,0,0.632819540487224
217,201075,"000422016",11,1.50918313259353,2.67458606006447,14,33.7429077228166,0,1.76158409195491,"RUA",3,7776000,0,0
218,201126,"001952014",2,1.50933022802429,3.17166981557492,24,72.8650666272593,0.15856827102248,2.07073676513574,"RUA",1,8726400,0,0.812868016262367
219,201050,"261052015",1,1.50940684899055,4.1801575028009,74,103.405517329158,0.285985006258604,2.29919917106566,"RURAL",3,2332800,0,1.65206459859464
220,201199,"000072015",11,1.50952255774849,4.41851810114314,104,77.0629201778882,0.816579941760396,2.13298731214534,"RUA",3,37584000,0,1.23887462130155
221,201015,"000252017",11,1.5093770211256,4.09522675447418,86,64.3846531029162,0.34597957615438,2.65915084270191,"RUA",1,207360000,0,0.812868016262367
222,601050,"162482015",11,1.50940472663444,2.60726989766263,13,47.4923787889178,0.268639540726708,1.60689518911153,"RUA",1,21945600,0,1.81655845005567
223,201089,"000312015",11,1.50914499504921,2.17516012730845,8,36.801755152364,0.189513127647735,2.06052512847044,"RUA",3,46915200,0,1.06487295939814
224,201061,"000492016",11,1.50933487168898,2.45671097454329,11,63.1167138937221,0.426061706901888,1.6368454284264,"RUA",3,9331200,0,1.38853898751287
225,201174,"000472016",7,1.50928857441449,3.96876380987693,64,97.6084967510999,0.386196075485229,2.00548217888939,"RUA",3,16070400,0,1.53182747154778
226,201026,"000482014",11,1.50910993979653,4.43937204242176,109,83.1106786099576,0.444510811104627,2.26800425350135,"RUA",1,6480000,0,0.952224469264004
227,201139,"PP1332013",11,1.50960971619812,3.89863828094152,65,80.1152953501058,0.327773896888536,2.61278498009719,"AVENIDA",3,151891200,0,0.952224469264004
228,60120,"000292014",11,1.50922959484943,5.03301037902674,178,93.7192829045336,0.565206174500475,2.39742416627615,"OUTRO",5,73612800,0,1.89437418591564
229,201041,"402014CLP",11,1.5093028456288,2.27836165882247,9,57.6819293338952,0.122068458890879,1.88697166763431,"RUA",1,25056000,0,1.15877734982604
230,201062,"061512015",11,1.50926278611496,5.80289553861392,433,95.2986972620226,0.391945382637915,2.47180465192823,"RUA",3,26784000,0,1.27480791595263
231,201145,"000262015",11,1.50914642903535,4.74530342736954,135,81.6444024674083,0.41781763124342,2.56240967452557,"RUA",1,354153600,0,1.42424563246174
232,201215,"000662017",11,1.50924197050744,1.59757822034814,4,43.7497228452966,0.513274053152673,1.85812427152225,"RUA",1,39916800,0,0.632819540487224
233,201017,"100222015",12,1.50923760305442,4.74530342736954,127,117.502932948083,0.932917577194139,3.01562915892455,"AVENIDA",5,716342400,0,1.55854409439281
234,201025,"001892015",11,1.50930312909559,3.00226935945111,40,91.1116726421864,0.577646417322776,2.01809755455353,"RUA",1,9072000,0,1.72029328996126
235,201211,"000992016",8,1.50927360335026,0,0,0,0,1.62609536273346,"AVENIDA",1,68601600,0,0
236,201201,"000112009",2,1.50952558190363,0.690941237078147,1,20.7378052069117,0,2.11963487586468,"RUA",1,21772800,0,0
237,201001,"000232015",12,1.50950129830081,0.690941237078147,1,35.0702304905638,0,2.95886273423721,"RUA",5,807321600,0,0
238,201078,"0000PP09J",11,1.50927487457465,4.89048414160867,149,95.9373916938888,0.581937861679527,2.12165446429905,"RUA",1,28512000,0,1.66249030786514
239,201112,"000132017",11,1.50937034447031,2.27836165882247,14,67.1850532092957,0.778324793393893,2.3180413487757,"AVENIDA",1,43632000,0,1.09796808763493
240,201177,"000172015",11,1.50917604343497,3.96876380987693,71,73.1565445191202,0.733313398178192,3.18922399618338,"RUA",3,1100736000,0,0.952224469264004
241,201154,"000132016",11,1.50939060516119,0.690941237078147,1,28.096051763531,0,1.54155620569873,"RUA",3,42854400,0,0.952224469264004
242,601061,"000792014",12,1.50921496972806,4.91578045283549,189,90.1026043550137,0.289627292764867,2.58277391183661,"AVENIDA",3,123033600,0,1.06487295939814
243,201046,"800172015",11,1.50918967117287,4.56479100877325,170,63.9985835728277,0.716727464902721,2.14543446240666,"AVENIDA",1,5616000,0,0.632819540487224
244,201140,"000032015",11,1.50935392001811,2.05967211681634,12,81.7841053751908,0.798912137844627,2.0700123632389,"RUA",1,42595200,0,0.952224469264004
245,610095,"104912017",10,1.50920293630601,4.13863779048088,71,97.1244190256387,0.596957677666874,2.64265462788767,"AVENIDA",5,440812800,0,1.92817846226398
246,601200,"000062015",11,1.5093881184665,2.53491532024182,18,83.8974692296727,0.606255422559064,1.80305089191905,"RUA",1,17020800,0,1.26310173620731
247,201103,"000062017",7,1.50915358231729,4.92200024615957,190,109.783318000093,0.602160586395701,2.1789974209216,"RUA",5,28857600,0,1.96417990934362
248,201149,"000092015",11,1.50917999720637,2.17516012730845,8,58.9488336699651,0.438483581367752,2.19668204088158,"RUA",1,10195200,0,0.729190613659672
249,601112,"000202014",11,1.50922003835935,5.63259943725034,324,94.6835581008159,0.395995743298399,2.26908594441763,"RUA",1,14688000,0,1.64994953539727
250,201197,"000522014",11,1.50936167616365,2.27836165882247,10,48.1300073986258,0,2.67320204692935,"AVENIDA",3,221961600,0,0.952224469264004
251,201088,"000582016",11,1.50934400595352,4.69938051696148,121,87.8764119633218,0.509385278345942,1.79129188125019,"RUA",1,4320000,0,1.84754437905962
252,201155,"001202016",2,1.50949133512038,2.90490615601332,18,77.5894339260343,0.232141660223482,2.47852000623942,"RUA",3,32140800,0,0.952224469264004
253,201010,"000162016",11,1.50947133267573,4.00198521864491,77,85.6375998268796,0.922994675777402,2.74889875304288,"OUTRO",5,302572800,0,0.900285928579289
254,201010,"001422016",11,1.50910225666745,4.10991783220819,65,70.0970411090376,0.838835118445056,2.56378771346689,"OUTRO",1,195523200,0,1.15877734982604
255,201093,"000152017",11,1.50944405753405,3.41105286978002,34,78.0424545460923,0.720291493866452,1.68958669978276,"RUA",1,47433600,0,1.64138665900193
256,201217,"000062014",11,1.50955020822746,3.04749444935395,27,76.2732380553749,0.513274053152673,2.5841086534394,"OUTRO",3,124588800,0,0.952224469264004
257,601200,"000082014",11,1.50921536751253,2.79659836533003,16,55.7030440997564,0.374028368628215,1.82188538540552,"AVENIDA",3,13564800,0,1.15877734982604
258,201095,"070072016",10,1.50934651996346,3.38029625544057,36,66.6972746219755,0.36710774421702,2.67320204692935,"AVENIDA",3,221961600,0,1.38853898751287
259,601216,"000572015",2,1.50940065832622,4.10991783220819,65,77.1583206838481,0.429538567136944,1.79129188125019,"RUA",1,4320000,0,1.68262628576592
260,201002,"000232015",7,1.50952368170149,3.44085440091407,32,83.8754994934742,0.225024631954163,2.10463941937233,"RUA",1,18403200,0,1.08496324265184
261,201082,"003962014",8,1.50930809736541,2.05967211681634,8,35.8032828542651,0,2.57165418695757,"RUA",5,255225600,0,0
262,603123,"261812015",11,1.50918792752151,3.2463581704049,37,74.9268706416043,0.46189975223905,1.78588239680552,"RUA",3,8208000,0,1.35006710874122
263,201078,"100482014",11,1.50942321369413,2.37163264088941,17,74.4747600552094,0.740163710591486,2.24822857274242,"RUA",3,5270400,0,0.952224469264004
264,601099,"000712015",11,1.50919958449916,3.62697028810994,39,72.5145462996122,0.523994009295612,1.82188538540552,"AVENIDA",3,13564800,0,1.49612897857721
265,201125,"000462014",11,1.50925725864373,5.12236307057074,189,84.7709611260236,0.424509855598124,2.13562672627431,"RUA",1,3369600,0,0.812868016262367
266,201178,"001002014",11,1.50934161768526,5.07611314801771,180,82.732194969616,0.407690920885315,2.13562672627431,"RUA",1,3369600,0,0.632819540487224
267,201171,"000352014",8,1.50957073631727,2.45671097454329,11,70.892207478347,0.76050447897592,2.75043507752124,"RUA",5,626832000,0,0.632819540487224
268,201045,"000192017",11,1.5093304423806,5.71894652319122,436,104.528791562369,0.543728543170891,2.80591771853363,"AVENIDA",5,376185600,0,1.70455182997467
269,601050,"160822016",11,1.50941226340007,6.10764481601385,542,146.339548005868,0.567702742358976,2.09562157646981,"AVENIDA",5,21859200,0,2.40502153801344
270,303095,"104642017",10,1.5094069927453,1.77706878157985,7,50.917811189705,0.571743301048471,1.50897349701122,"RUA",3,33264000,0,1.15877734982604
271,201050,"206472015",11,1.50929821197983,3.74076046398344,59,67.2824829157761,0.288663907938989,1.90281099594005,"RUA",3,5961600,0,1.11380908585939
272,201070,"000212017",11,1.50920411723811,4.25813327668339,92,93.9338177628785,0.290273125523508,2.7424560755596,"AVENIDA",3,297043200,0,0.812868016262367
273,602168,"000052016",11,1.50938598101747,5.24889566128129,219,108.152105723001,0.564798032629958,2.52768532561871,"RUA",1,73958400,0,1.90433737880705
274,601025,"000822016",11,1.50945395693583,3.09069077313953,43,92.0757783777289,0.607850372326208,2.01809755455353,"RUA",1,9072000,0,1.61922883896475
275,201045,"000202015",2,1.50946185978755,3.2463581704049,34,65.0353793746691,0.39712643871253,2.66826147139194,"AVENIDA",1,209606400,0,1.06487295939814
276,201082,"002122015",2,1.50926823347158,1.59757822034814,4,53.3642081635522,0.513274053152673,1.73293849141301,"RUA",1,27043200,0,0.632819540487224
277,601111,"000752015",2,1.50932672929979,2.37163264088941,11,77.3800401567158,0.67171634523424,1.70067005173286,"AVENIDA",3,9504000,0,1.47334145723897
278,601218,"000292016",11,1.50909952019667,3.13203183385879,29,63.4314775753289,0.831907966295832,2.65974262942384,"RUA",5,200793600,0,0.812868016262367
279,201123,"044012016",8,1.50923548510002,0,0,0,0,1.62609536273346,"AVENIDA",1,68601600,0,0
280,201025,"001432015",11,1.50925020425976,0,0,0,0,1.97871692342913,"RUA",1,138758400,0,0
281,201052,"000092015",2,1.50919407593442,0.690941237078147,1,43.8125863917803,0.168266040808981,1.74107459839904,"RUA",3,43804800,0,0.632819540487224
282,610095,"103932017",10,1.50945452704524,6.09347778370222,540,112.712706932323,0.666783849137795,2.95503742617226,"RUA",5,605836800,0,1.91164556464758
283,201133,"100272015",2,1.50929845543663,3.2463581704049,28,86.3931874664416,0.475823801693191,2.1203087355764,"RUA",3,13996800,0,1.30842175211579
284,601099,"000432016",11,1.50913570617127,6.07364096997078,528,102.367799894932,0.647867240097805,2.77179943647123,"RUA",5,331948800,0,1.99186275837059
285,201212,"202012016",2,1.50947626334493,3.3156595838503,29,74.5614192236516,0.606255422559064,1.65006479535467,"RUA",1,9072000,0,1.15877734982604
286,601110,"000322016",11,1.50947478561401,6.07909286261659,531,111.157567967549,0.667428316543138,2.95503742617226,"RUA",5,605836800,0,1.91405127920601
287,201010,"000252014",11,1.50909674816879,2.53491532024182,12,55.2627569642299,0.903631242025646,2.65737213211266,"RUA",1,197856000,0,0
288,201012,"000302015",11,1.50942651340513,5.24449972590259,247,128.802024998183,0.450355127152676,2.31904476535512,"AVENIDA",3,11318400,0,2.07729162742119
289,201134,"000202015",2,1.5094076428994,5.2311876236778,238,98.1041897837319,0.424802218337174,2.96320476309485,"RUA",1,618796800,0,1.58379725511413
290,601200,"000052016",11,1.50939535019974,3.98551903484586,68,102.885894244911,0.789957784321392,2.5122078074549,"AVENIDA",5,89596800,0,0.999951704262922
291,603095,"l00022011",11,1.50936834482122,2.05967211681634,9,33.4838112891351,0.339466334743282,2.20920521522084,"AVENIDA",1,13737600,0,0
292,201061,"000122015",12,1.50946573850921,3.67412142322976,70,102.381810636468,0.616518904084524,2.29349285200184,"AVENIDA",3,35078400,0,1.42424563246174
293,304095,"000252011",11,1.50911159259359,4.1665176188235,72,49.805122893389,0.438483581367752,2.76359250731039,"RUA",3,323308800,0,0
294,201157,"000022016",11,1.5095622492548,3.55158378852168,45,79.195921801762,0.188029304006417,2.93534682112624,"RUA",5,570672000,0,0.780726032629274
295,601111,"000342015",11,1.50915421168089,0.690941237078147,1,36.3351176246567,0.105911790847835,1.67959092773072,"RUA",1,13910400,0,0
296,201042,"402012016",2,1.50919929359408,2.17516012730845,9,56.2794570494652,0.290273125523508,1.76494626854894,"RUA",1,37584000,0,1.23887462130155
297,602168,"000202016",2,1.50916967415649,1.59757822034814,4,57.2292425536157,0.0717300571224726,1.61381015627696,"RUA",1,39830400,0,1.06487295939814
298,601050,"166592015",11,1.50918771433634,3.62697028810994,39,52.5168653585857,0.374028368628215,2.82251901166059,"RUA",5,410918400,0,0.952224469264004
299,603123,"264012016",11,1.50924706620657,6.14890191327816,566,146.651914003114,0.567488654054194,2.09562157646981,"AVENIDA",5,21859200,0,2.42197522925392
300,201067,"006712015",2,1.50928506819905,3.62697028810994,46,116.733648437026,0.374466520080761,2.51146140664197,"RUA",5,72835200,0,1.33381549513234
301,201109,"010802014",11,1.50923091950555,4.36428960773932,87,57.6790913925376,0.41719663935033,2.56171953780118,"RUA",3,105235200,0,0.900285928579289
302,201015,"000132014",11,1.50932375536207,5.54394018334832,295,92.1854730476567,0.382521486387507,2.26908594441763,"RUA",1,14688000,0,1.59591874560453
303,201015,"000132016",11,1.5092694088997,3.00226935945111,24,46.2506114571742,0,2.26908594441763,"RUA",1,135388800,0,0.952224469264004
304,201095,"070022016",11,1.5092962362675,2.37163264088941,10,116.619985739081,0.540938032030187,2.76259027707017,"RUA",5,439257600,0,1.02971857211536
305,201077,"000112015",7,1.50953071636503,3.04749444935395,22,95.8830446374652,0.377874921223475,2.00388902164611,"RUA",3,36288000,0,1.11380908585939
306,201043,"000072017",11,1.50950300174374,2.73751744767466,32,87.4776185567946,0.460874377049293,2.96230277077473,"RUA",3,616809600,0,0.729190613659672
307,201062,"064012017",11,1.50932997424382,3.76198063163703,64,62.4952188284024,0.71160566199381,2.11013041876195,"RUA",1,19612800,0,1.09796808763493
308,201080,"000162014",11,1.50938098705931,3.57737727919034,49,69.0045153963806,0.93392373209199,2.29297166111643,"RUA",1,9158400,0,1.01129536187881
309,201185,"000152015",11,1.50944270522914,1.59757822034814,4,21.090297095409,0.513274053152673,2.18207966159389,"RUA",1,55123200,0,0
310,601163,"000012016",11,1.50946320402813,3.44085440091407,57,97.0408206282569,0.801266701975617,2.28457665040134,"OUTRO",1,64281600,0,1.18682348262797
311,201130,"000812014",2,1.50939396594945,2.95481650732682,21,78.9909108821171,0.296410428006612,2.47101001055206,"RUA",3,114739200,0,1.21348322841966
312,201135,"003662016",1,1.5096572064506,3.34852161554237,30,108.554353228398,0.388174673751741,2.57673268907791,"RUA",5,120268800,0,1.38853898751287
313,201157,"000182014",11,1.50929830094899,1.92859112132035,7,47.8737470811739,0.408692247112617,1.9192031445872,"AVENIDA",5,64540800,0,0.952224469264004
314,201030,"001092015",11,1.50923318078832,2.45671097454329,12,49.2359633460128,1.04799753555054,2.49558377565999,"RUA",1,46828800,0,0
315,601031,"000052015",11,1.50911737786228,5.12736486403965,193,104.932978400212,0.493730538444467,2.52768532561871,"RUA",1,73958400,0,1.8637779050861
316,201029,"010932016",11,1.50930277467973,4.54654136377775,136,60.5892924513043,0.652161459053529,2.61596308609869,"AVENIDA",1,157852800,0,1.35006710874122
317,601171,"001152014",11,1.50932528034288,1.59757822034814,4,39.0837205716055,0.202283030725654,1.85320016426867,"AVENIDA",1,7430400,0,0
318,601171,"000792015",11,1.50913829389104,3.28163346599884,28,46.7867259824714,0,2.37062218676732,"RUA",5,55641600,0,0.952224469264004
319,201050,"206212017",11,1.50929333334102,3.00226935945111,67,90.3033054832612,0.441408194361489,2.20743035941776,"RUA",1,6652800,0,0.900285928579289
320,201107,"001242014",2,1.50949562736311,1.59757822034814,5,49.5527102117208,0.290273125523508,2.10187731785592,"RUA",1,93139200,0,0.632819540487224
321,610095,"105992016",11,1.50929757953579,1.37748929838316,3,61.048837292071,1.04799753555054,2.2267012312182,"OUTRO",5,187833600,0,0.812868016262367
322,601200,"000552014",11,1.50940864754987,1.92859112132035,13,54.3958902284146,0.657238102271174,1.9227945906134,"RUA",1,16329600,0,1.06487295939814
323,201078,"000952015",11,1.50914167058736,5.27057309857754,253,128.971563444769,0.455783606796838,2.31904476535512,"AVENIDA",3,11318400,0,2.09138164307428
324,601050,"161992015",11,1.50942565205345,5.44959426372451,283,117.661516300794,0.630907487121858,2.36409863765257,"AVENIDA",5,18403200,0,1.67267425305526
325,201137,"010672015",2,1.50943019394932,2.79659836533003,16,72.3439876479087,0.331443485232538,1.98448098562984,"AVENIDA",1,44064000,0,1.25354445838877
326,201155,"000232014",11,1.50951371917101,2.67458606006447,15,74.5529136622052,0.382684875408432,2.27927555408502,"RUA",1,4147200,0,0.632819540487224
327,201108,"010492017",11,1.5091348007153,5.04397181345968,193,71.4062874259902,0.246765471906381,2.57470614338862,"RUA",1,115603200,0,0.632819540487224
328,201168,"000042015",11,1.50934014181409,4.03408901851777,70,89.685011588623,0.380649076042133,2.83890329155056,"RUA",1,421804800,0,1.33997107885283
329,201220,"010612014",12,1.50926877403696,5.8844167023574,427,135.616402872146,0.528643943339517,2.09562157646981,"AVENIDA",5,21859200,0,2.29633074911668
330,201137,"000122017",11,1.50911727207877,1.59757822034814,4,46.1977048720797,0.831907966295832,2.20386657366299,"RUA",1,79747200,0,0.632819540487224
331,201093,"000782014",2,1.50942773914083,3.34852161554237,31,91.5765611179788,0.206456279504818,2.03812024569085,"AVENIDA",1,12960000,0,1.30842175211579
332,601050,"166132015",11,1.50958575527873,3.89863828094152,52,78.8701821654828,0.745303476928726,1.8639884602816,"RUA",3,82944000,0,2.02719524983969
333,601044,"000542015",11,1.50941397250447,3.89863828094152,52,58.9018572879704,0.479659829106333,1.83009937010447,"RUA",5,27388800,0,0.862974688271395
334,201038,"000152017",12,1.50939976183595,5.0163260789905,169,82.71042002633,0.52903541137949,2.23755118932089,"RUA",5,52617600,0,1.43878752599315
335,201158,"000962016",11,1.50916580505073,1.77706878157985,5,27.0449541128754,0.513274053152673,1.53085319053071,"RUA",5,21340800,0,0
336,601218,"000032015",11,1.50946735233924,6.12333033141679,552,128.855235700528,0.40225645714701,2.58210548952379,"RUA",3,122688000,0,2.07729162742119
337,201180,"000312015",3,1.50909762582847,1.59757822034814,4,58.3855979504391,0.588495520392572,2.00865757613598,"RUA",1,38188800,0,0.952224469264004
338,201142,"000202015",11,1.50938387208832,3.91665825697733,58,75.0867256433626,0.76050447897592,2.42017019331161,"RUA",1,4838400,0,0.632819540487224
339,201034,"626012015",11,1.50928768595944,2.90490615601332,24,62.1067011748826,0.808070754374357,2.48438797325966,"RUA",1,144547200,0,0.780726032629274
340,201026,"000492015",11,1.5093939722088,5.58164618477179,371,98.4038639131696,0.524693441049156,2.80591771853363,"AVENIDA",5,376185600,0,1.43878752599315
341,610095,"001382014",11,1.50963651980839,3.62697028810994,40,74.889710382293,0.513274053152673,2.64265462788767,"AVENIDA",5,440812800,0,1.51787161792145
342,601053,"000192016",11,1.50918639489597,4.54654136377775,103,90.3195196294664,0.789026825540799,1.8639884602816,"RUA",3,82944000,0,2.28506235457306
343,610095,"103242017",10,1.50924609896567,0,0,0,0,1.49939609514242,"RUA",1,63417600,0,0.632819540487224
344,201035,"000142015",11,1.50918053265978,2.95481650732682,20,68.3640491546093,0.529194713384802,1.69082656606046,"RUA",1,11836800,0,1.69235568926985
345,201141,"010092017",7,1.50911009248177,2.05967211681634,8,57.2285839419359,0.513274053152673,1.54155620569873,"RUA",3,42854400,0,1.51787161792145
346,201123,"062312016",11,1.50936834482122,1.37748929838316,3,46.7644834698168,0.618700864099763,2.43798052501247,"OUTRO",1,331344000,0,0
347,201175,"000092015",2,1.50951593688613,2.27836165882247,10,67.346045073763,0.49046527379246,1.8765302190255,"RUA",3,11145600,0,1.09796808763493
348,201186,"000142015",11,1.5092523922505,4.33020335269742,106,61.4505514560856,0.513274053152673,2.5558230647148,"OUTRO",9999,98064000,0,1.06487295939814
349,201199,"000102015",11,1.50936108598581,5.94697382509911,457,139.362441897862,0.537569489749279,2.09562157646981,"AVENIDA",5,21859200,0,2.33763515567771
350,601216,"000532015",2,1.50920788266857,1.37748929838316,6,38.3229842731129,0.831907966295832,2.38120092763915,"RUA",1,283564800,0,0.632819540487224
351,201163,"000652016",11,1.5092842897969,1.59757822034814,8,44.2284477316591,1.04799753555054,2.01102963342758,"RUA",1,103334400,0,0.632819540487224
352,201206,"000012016",11,1.50939626716193,2.27836165882247,11,64.4209363842869,0.567702742358976,1.79451808129565,"RUA",1,6393600,0,1.06487295939814
353,201124,"000182014",2,1.50954479712791,3.38029625544057,30,95.5182391588113,0.244964521964556,2.51258068342199,"RUA",3,60566400,0,1.42424563246174
354,201211,"002222016",1,1.50957729040232,1.37748929838316,3,49.587965089733,0.513274053152673,1.61655802395248,"RUA",3,65577600,0,0.952224469264004
355,201059,"000402015",11,1.50943675590354,1.37748929838316,4,37.1202640227101,1.04799753555054,1.82394776793352,"RUA",1,28252800,0,0.952224469264004
356,201015,"000152015",11,1.50937715356041,5.13234029864127,192,102.615137527042,0.562643934347363,2.12165446429905,"RUA",1,28512000,0,1.85084437617373
357,603123,"281012016",12,1.50935458527464,1.37748929838316,9,50.3714673652173,1.04799753555054,1.65917815634907,"RUA",1,41040000,0,0.952224469264004
358,201105,"TP0032014",2,1.50943217978706,1.92859112132035,7,43.6235639983606,0.339466334743282,1.85418772104552,"RUA",1,30240000,0,0.952224469264004
359,601200,"000012014",11,1.50946852373585,3.49781636583173,54,96.635377829061,0.861548369037868,2.59074066111969,"RUA",5,130636800,0,0.952224469264004
360,201217,"000342015",11,1.50931146622565,2.05967211681634,7,65.4559972109391,0.339466334743282,2.12767764102042,"RUA",1,62899200,0,0.758340084301181
361,201128,"000462016",11,1.50923866804212,4.50895480922458,127,70.8814558490891,0.655382967063055,2.5558230647148,"OUTRO",9999,98064000,0,1.38853898751287
362,601050,"161862017",12,1.50937635265133,1.59757822034814,4,63.2018003548347,0.664130695999285,2.98375729605848,"RUA",5,664588800,0,0.632819540487224
363,603095,"L00152013",11,1.50938867254679,2.67458606006447,21,95.8691856832799,0.722446899636006,2.51814803806642,"OUTRO",1,89769600,0,0.952224469264004
364,201076,"000212016",11,1.5093890770646,2.37163264088941,12,64.8322557980199,0.567702742358976,1.79451808129565,"RUA",1,6393600,0,1.02971857211536
365,201178,"000972014",11,1.50965016865197,1.77706878157985,5,37.6059291326683,0.513274053152673,1.96367268078712,"RUA",1,31276800,0,0
366,201153,"200102015",11,1.50922069458458,1.59757822034814,4,37.5172823010769,1.04799753555054,1.97123531283585,"RUA",1,70675200,0,0
367,201088,"100072015",11,1.50926233024191,4.68356482361157,119,76.8027145185245,0.537318534489976,2.23755118932089,"RUA",5,52617600,0,1.33381549513234
368,601091,"002362016",7,1.50926799161176,5.10208665086915,185,77.8967839931099,0.664130695999285,2.71707542619953,"AVENIDA",3,265507200,0,0.729190613659672
369,201095,"000522014",11,1.50947710423457,5.0655204076427,184,93.9176193661984,0.552579728232203,2.39742416627615,"OUTRO",5,73612800,0,1.83747810784338
370,201050,"214212015",11,1.50920645750684,3.04749444935395,29,99.1230648388514,0.5202767653353,1.77162383117069,"RUA",1,5443200,0,1.33997107885283
371,201185,"000682015",2,1.50929016080205,2.45671097454329,14,69.0014681197084,0.450420335553912,1.86690247419874,"RUA",3,7948800,0,1.30842175211579
372,201147,"0013C2014",12,1.50924066461377,4.06514765367166,76,90.0893346140123,0.372380230781665,2.61278498009719,"AVENIDA",3,151891200,0,0.952224469264004
373,602171,"000552014",11,1.50924338642813,5.12236307057074,191,65.0176413475184,0.339466334743282,2.82365533941881,"RUA",1,400377600,0,0
374,201011,"000102016",12,1.509286607689,4.89687190395368,159,84.2451666681941,0.495666420600887,2.56240967452557,"RUA",1,354153600,0,1.51787161792145
375,601075,"000202014",11,1.50936522909532,5.86866971320596,420,134.814224101558,0.527312787180196,2.09562157646981,"AVENIDA",5,21859200,0,2.2549529602323
376,610095,"105012017",10,1.50957944645907,2.60726989766263,13,68.4805248585698,0.264693717566446,1.45980964566316,"AVENIDA",3,6307200,0,1.26310173620731
377,201061,"000512016",11,1.50953247446322,3.3156595838503,31,90.8338008778423,0.25352176122227,2.23186253224953,"AVENIDA",3,20649600,0,1.4444848194203
378,201099,"000242016",11,1.50931763752435,3.34852161554237,58,78.8965799984876,0.522488925552363,2.43965162690537,"RUA",3,4665600,0,1.35006710874122
379,201073,"000062016",2,1.50917340470971,0,0,0,0,1.54760361626682,"RUA",1,42854400,0,0
380,601050,"161042016",11,1.50945811345087,4.19360486976686,71,88.3862330976829,0.841046540466949,1.8639884602816,"RUA",3,82944000,0,2.15142886157465
381,201175,"000152015",11,1.50945622099438,2.73751744767466,18,59.3654570608586,0.418163424554088,2.54881565399839,"RUA",1,193276800,0,0.632819540487224
382,304095,"000442014",11,1.50931054391749,2.73751744767466,31,86.1366911406009,0.556699260420601,2.01809755455353,"RUA",1,9072000,0,0.812868016262367
383,201151,"001742015",11,1.50929686683691,3.44085440091407,32,79.3904882634153,0.791066140890726,2.3180413487757,"RUA",1,14860800,0,0.632819540487224
384,201042,"000182014",11,1.50919245896972,4.35306269429874,86,57.6591645002781,0.41719663935033,2.56171953780118,"RUA",3,105235200,0,0.952224469264004
385,201019,"000472017",11,1.5093787662321,2.17516012730845,10,64.1956096764114,0.472947540516158,1.90004152039109,"RUA",1,2505600,0,1.15877734982604
386,201156,"009022014",2,1.50915696828855,2.60726989766263,13,68.727398207362,0.403849393415225,1.78696756387026,"RUA",3,8121600,0,0.952224469264004
387,201025,"001602015",8,1.50931789945238,3.09069077313953,22,43.9585592056948,0,1.62744777485206,"RUA",5,18662400,0,0
388,201057,"000972016",11,1.50933068197421,4.219943174903,73,83.3796054312399,0.513274053152673,2.33489613227747,"RUA",3,2073600,0,0.862974688271395
389,201183,"000122017",11,1.50911854330031,2.17516012730845,13,45.5671696948249,1.04799753555054,1.80938437654006,"AVENIDA",9999,8467200,0,0
390,201174,"003012014",10,1.50921522369669,4.69938051696148,121,115.973883928556,0.878940937493935,3.01562915892455,"AVENIDA",5,716342400,0,1.50055830636216
391,610095,"100862014",11,1.50915062571637,3.3156595838503,43,73.8734837094885,0.621600705583001,2.58510787498422,"RUA",1,125280000,0,1.15877734982604
392,601050,"165082016",11,1.50955385884406,6.20756202010177,605,149.031988980022,0.558752487930881,2.09562157646981,"AVENIDA",5,21859200,0,2.45942145076199
393,201111,"000672016",2,1.50911771603784,0.690941237078147,1,31.2784157838691,0.202283030725654,2.01496514039823,"RUA",1,90892800,0,0.632819540487224
394,601050,"165362015",8,1.50950181661017,6.7881292796,1121,96.1773512773453,0.615952216765621,3.12071243664057,"RUA",5,934329600,0,1.28625676993224
395,201041,"000172014",11,1.50929944448997,3.13203183385879,25,51.8499527461781,0.216896857655168,2.86703345974259,"RUA",1,465350400,0,0.632819540487224
396,201066,"000552016",11,1.50949653235778,1.59757822034814,9,69.1210816395426,0.571743301048471,2.5188867230936,"RUA",1,386121600,0,0.952224469264004
397,201003,"000142017",11,1.50933152074582,3.28163346599884,30,77.6542028271186,0.67295159377097,1.68958669978276,"RUA",1,47433600,0,1.59591874560453
398,201211,"001952015",11,1.50948295729112,2.95481650732682,20,68.960430873951,0.455065498701542,2.2272766699807,"RUA",1,37152000,0,0.862974688271395
399,201028,"000882014",1,1.50955632342387,2.79659836533003,16,93.5590006532007,0.416408945241129,2.07650468769097,"RUA",3,30499200,0,1.15877734982604
400,201111,"000472016",11,1.50917823793239,3.13203183385879,23,70.6275269066445,0.362496266306947,2.34557773798335,"RUA",3,100828800,0,1.23887462130155
401,201058,"001412014",11,1.50912543973559,4.35306269429874,106,82.6280515830988,0.343312147342397,2.63838567658904,"RUA",1,343958400,0,1.1231011792057
402,201117,"000092014",11,1.50966033050432,5.66697210766757,383,77.5615317679096,0.458695732496596,2.70453690934354,"RUA",1,249955200,0,1.21348322841966
403,201100,"000392015",11,1.50921441832311,3.65083603695827,40,64.1306915033417,0.575434939333599,2.54350925338619,"RUA",5,289785600,0,1.2003189222865
404,201093,"000842016",11,1.50943133628901,4.64283153406925,126,88.7634851201913,0.535478576451258,2.19366577911906,"RUA",1,27907200,0,1.55854409439281
405,601050,"164742014",11,1.50913015167996,3.96876380987693,63,82.5303423532329,0.325670535025197,2.81795248492619,"AVENIDA",5,396230400,0,0
406,201075,"000432017",11,1.50915944007353,2.45671097454329,22,70.3090100218848,0.831907966295832,2.53564611396232,"RUA",1,244944000,0,0.632819540487224
407,201114,"000482014",2,1.50929585340653,3.28163346599884,28,81.1917319423622,0.346811319674622,1.95174356424611,"RUA",1,3628800,0,1.44941565179277
408,601218,"000162014",11,1.50917749101491,2.45671097454329,11,44.4374793598993,0.513274053152673,2.06928719816175,"RUA",1,9763200,0,0.952224469264004
409,201177,"000672015",11,1.50913310416182,3.67412142322976,50,57.5465215407144,0.689431576130922,2.16966565587731,"RUA",1,37584000,0,1.04404200742685
410,602123,"162012015",11,1.50912894692857,4.20686505488847,81,61.7662240278881,0.231531438768828,2.14478498946649,"RUA",1,1382400,0,0
411,201190,"134012015",11,1.5093468830853,5.15198388700074,195,71.0412226700213,0.765593897093439,2.17590108855232,"RUA",5,5788800,0,1.23887462130155
412,201002,"000802014",11,1.50925918115404,4.08030578660135,69,57.3942247220437,0.939609627525682,2.84177548422493,"RUA",1,426038400,0,0.812868016262367
413,610095,"100812016",10,1.50942927544171,4.04974473044505,64,92.7662096688857,0.563110726786923,2.64265462788767,"AVENIDA",5,440812800,0,1.85736365722048
414,610095,"108692015",11,1.5091327858067,0.690941237078147,1,42.5683246916121,0.831907966295832,2.05387969045966,"RUA",5,54345600,0,1.30842175211579
415,201140,"000432015",12,1.50917384323514,1.92859112132035,7,34.3960322460801,1.04799753555054,1.73991789548006,"AVENIDA",1,52358400,0,0.952224469264004
416,201206,"000412014",2,1.50938511461507,2.17516012730845,8,58.6540912988475,0.0874014048374695,2.45572369843376,"OUTRO",1,219542400,0,1.15877734982604
417,201089,"000142015",12,1.50941518881226,2.90490615601332,24,68.3871873824987,0.416408945241129,2.37937333690344,"AVENIDA",1,55468800,0,1.63044535714211
